loc,v(g),ev(g),iv(g),n,v,l,d,i,e,b,t,lOCode,lOComment,lOBlank,lOCodeAndComment,uniq_Op,uniq_Opnd,total_Op,total_Opnd,branchCount,defects
52.0,9.0,9.0,6.0,0.0,0.0,0.0,0.0,0.0,0.0,0.0,0.0,0,0,0,0,0.0,0.0,0.0,0.0,17.0,True
19.0,4.0,3.0,3.0,48.0,220.08,0.08,11.82,18.62,2600.92,0.07,144.5,14,0,3,0,13.0,11.0,28.0,20.0,7.0,True
7.0,1.0,1.0,1.0,17.0,58.81,0.44,2.29,25.73,134.42,0.02,7.47,5,0,0,0,4.0,7.0,9.0,8.0,1.0,False
39.0,3.0,3.0,2.0,70.0,350.0,0.12,8.11,43.11,2841.67,0.12,157.87,20,11,6,0,11.0,21.0,39.0,31.0,5.0,False
27.0,3.0,1.0,3.0,65.0,298.02,0.16,6.18,48.25,1840.73,0.1,102.26,19,2,4,0,7.0,17.0,35.0,30.0,5.0,False
24.0,2.0,1.0,2.0,64.0,297.21,0.13,7.53,39.47,2237.79,0.1,124.32,14,1,7,0,8.0,17.0,32.0,32.0,3.0,False
26.0,10.0,9.0,2.0,79.0,371.33,0.03,34.88,10.65,12950.3,0.12,719.46,18,2,4,0,18.0,8.0,48.0,31.0,19.0,False
33.0,3.0,3.0,2.0,131.0,753.89,0.11,8.86,85.12,6677.31,0.25,370.96,25,1,5,0,12.0,42.0,69.0,62.0,5.0,False
59.0,8.0,6.0,8.0,233.0,1381.86,0.04,23.9,57.81,33029.87,0.46,1834.99,42,8,7,0,20.0,41.0,135.0,98.0,15.0,False
537.0,18.0,1.0,16.0,2158.0,16602.54,0.02,62.49,265.68,1037522.97,5.53,57640.16,375,44,114,2,24.0,183.0,1205.0,953.0,35.0,True
4.0,2.0,1.0,1.0,14.0,51.81,0.29,3.5,14.8,181.32,0.02,10.07,2,0,0,0,7.0,6.0,8.0,6.0,3.0,False
13.0,3.0,3.0,2.0,36.0,140.65,0.1,10.0,14.06,1406.48,0.05,78.14,10,0,0,1,10.0,5.0,26.0,10.0,5.0,False
4.0,1.0,1.0,1.0,6.0,15.51,0.5,2.0,7.75,31.02,0.01,1.72,2,0,0,0,4.0,2.0,4.0,2.0,1.0,False
119.0,6.0,1.0,4.0,0.0,0.0,0.0,0.0,0.0,0.0,0.0,0.0,0,0,0,0,0.0,0.0,0.0,0.0,11.0,False
14.0,4.0,3.0,2.0,37.0,171.82,0.11,8.91,19.29,1530.78,0.06,85.04,10,0,2,0,14.0,11.0,23.0,14.0,7.0,False
19.0,3.0,1.0,3.0,47.0,223.48,0.13,8.0,27.93,1787.84,0.07,99.32,15,0,2,0,12.0,15.0,27.0,20.0,5.0,False
7.0,1.0,1.0,1.0,16.0,44.92,0.25,4.0,11.23,179.67,0.01,9.98,4,1,0,0,4.0,3.0,10.0,6.0,1.0,False
9.0,1.0,1.0,1.0,20.0,60.0,0.17,5.83,10.29,350.0,0.02,19.44,7,0,0,0,5.0,3.0,13.0,7.0,1.0,False
27.0,6.0,1.0,3.0,86.0,421.99,0.05,19.5,21.64,8228.86,0.14,457.16,23,0,2,0,15.0,15.0,47.0,39.0,11.0,False
16.0,2.0,1.0,2.0,63.0,325.71,0.11,8.91,36.56,2901.74,0.11,161.21,15,0,1,0,14.0,22.0,35.0,28.0,3.0,False
46.0,5.0,4.0,3.0,106.0,548.01,0.07,15.0,36.53,8220.18,0.18,456.68,37,2,5,0,15.0,21.0,64.0,42.0,9.0,False
6.0,2.0,1.0,2.0,19.0,70.31,0.26,3.86,18.23,271.19,0.02,15.07,4,0,0,0,6.0,7.0,10.0,9.0,3.0,False
36.0,2.0,1.0,1.0,127.0,661.6,0.04,23.22,28.49,15363.84,0.22,853.55,24,2,7,0,19.0,18.0,83.0,44.0,3.0,False
185.0,19.0,1.0,7.0,760.0,4719.18,0.02,64.06,73.65,302377.38,1.57,16798.74,158,3,20,2,20.0,54.0,414.0,346.0,37.0,False
60.0,8.0,4.0,7.0,146.0,801.81,0.05,19.33,41.47,15501.67,0.27,861.2,46,5,7,0,18.0,27.0,88.0,58.0,15.0,True
5.0,1.0,1.0,1.0,13.0,44.97,0.33,3.0,14.99,134.92,0.01,7.5,3,0,0,0,6.0,5.0,8.0,5.0,1.0,False
4.0,1.0,1.0,1.0,6.0,15.51,0.5,2.0,7.75,31.02,0.01,1.72,2,0,0,0,4.0,2.0,4.0,2.0,1.0,False
9.0,1.0,1.0,1.0,19.0,68.11,0.31,3.21,21.19,218.94,0.02,12.16,4,0,1,0,5.0,7.0,10.0,9.0,1.0,False
26.0,2.0,1.0,2.0,74.0,343.65,0.22,4.5,76.37,1546.4,0.11,85.91,20,1,3,0,5.0,20.0,38.0,36.0,3.0,False
15.0,4.0,4.0,2.0,46.0,205.13,0.06,15.75,13.02,3230.86,0.07,179.49,13,0,0,0,14.0,8.0,28.0,18.0,7.0,False
6.0,1.0,1.0,1.0,23.0,89.86,0.4,2.5,35.94,224.65,0.03,12.48,3,0,0,0,5.0,10.0,13.0,10.0,1.0,False
7.0,2.0,1.0,2.0,14.0,48.43,0.23,4.38,11.07,211.89,0.02,11.77,5,0,0,0,7.0,4.0,9.0,5.0,3.0,True
64.0,12.0,12.0,12.0,193.0,1125.75,0.06,16.0,70.36,18011.96,0.38,1000.66,48,4,8,2,16.0,41.0,111.0,82.0,23.0,False
12.0,3.0,1.0,3.0,34.0,153.8,0.13,7.64,20.14,1174.48,0.05,65.25,10,0,0,0,12.0,11.0,20.0,14.0,5.0,True
12.0,3.0,1.0,3.0,37.0,128.0,0.08,12.25,10.45,1567.99,0.04,87.11,10,0,0,0,7.0,4.0,23.0,14.0,5.0,False
34.0,3.0,1.0,1.0,87.0,376.01,0.03,31.57,11.91,11871.1,0.13,659.51,25,2,5,0,13.0,7.0,53.0,34.0,5.0,False
23.0,8.0,7.0,8.0,60.0,302.66,0.11,8.75,34.59,2648.31,0.1,147.13,14,0,4,2,15.0,18.0,39.0,21.0,15.0,False
13.0,3.0,1.0,2.0,47.0,209.59,0.08,12.6,16.63,2640.88,0.07,146.72,9,0,2,0,12.0,10.0,26.0,21.0,5.0,False
78.0,7.0,5.0,6.0,252.0,1482.43,0.04,25.64,57.81,38010.92,0.49,2111.72,53,1,21,1,20.0,39.0,152.0,100.0,13.0,False
4.0,1.0,1.0,1.0,7.0,19.65,0.4,2.5,7.86,49.13,0.01,2.73,2,0,0,0,5.0,2.0,5.0,2.0,1.0,True
200.0,25.0,20.0,11.0,0.0,0.0,0.0,0.0,0.0,0.0,0.0,0.0,0,0,0,0,0.0,0.0,0.0,0.0,49.0,True
35.0,3.0,1.0,3.0,64.0,310.91,0.09,10.97,28.35,3410.3,0.1,189.46,26,0,7,0,13.0,16.0,37.0,27.0,5.0,False
11.0,3.0,3.0,2.0,49.0,235.56,0.1,9.81,24.02,2310.3,0.08,128.35,9,0,0,0,15.0,13.0,32.0,17.0,5.0,False
4.0,1.0,1.0,1.0,13.0,43.19,0.17,5.83,7.4,251.91,0.01,14.0,2,0,0,0,7.0,3.0,8.0,5.0,1.0,False
39.0,9.0,7.0,7.0,135.0,727.96,0.03,28.6,25.45,20819.74,0.24,1156.65,29,3,3,2,22.0,20.0,83.0,52.0,17.0,False
16.0,5.0,1.0,2.0,68.0,288.86,0.04,23.14,12.48,6685.02,0.1,371.39,13,0,1,0,12.0,7.0,41.0,27.0,9.0,False
26.0,4.0,1.0,4.0,33.0,128.93,0.31,3.25,39.67,419.01,0.04,23.28,21,2,1,0,5.0,10.0,20.0,13.0,7.0,False
16.0,2.0,1.0,2.0,44.0,201.74,0.26,3.91,51.57,789.15,0.07,43.84,13,0,1,0,7.0,17.0,25.0,19.0,3.0,False
58.0,10.0,1.0,9.0,211.0,1151.94,0.04,23.88,48.23,27513.65,0.38,1528.54,47,1,8,0,18.0,26.0,142.0,69.0,19.0,False
17.0,2.0,1.0,2.0,31.0,133.98,0.15,6.72,19.93,900.64,0.04,50.04,9,3,3,0,11.0,9.0,20.0,11.0,3.0,False
203.0,17.0,8.0,14.0,683.0,4254.28,0.01,87.0,48.9,370122.64,1.42,20562.37,170,0,31,0,29.0,46.0,407.0,276.0,31.0,False
33.0,4.0,3.0,2.0,90.0,454.0,0.04,24.43,18.58,11090.46,0.15,616.14,18,5,8,0,19.0,14.0,54.0,36.0,7.0,True
10.0,5.0,5.0,2.0,0.0,0.0,0.0,0.0,0.0,0.0,0.0,0.0,0,0,0,0,0.0,0.0,0.0,0.0,9.0,False
58.0,11.0,3.0,7.0,156.0,909.93,0.05,20.63,44.1,18774.01,0.3,1043.0,49,2,3,2,23.0,34.0,95.0,61.0,19.0,True
27.0,1.0,1.0,1.0,130.0,666.81,0.08,12.0,55.57,8001.68,0.22,444.54,17,0,5,0,12.0,23.0,84.0,46.0,1.0,False
31.0,13.0,13.0,2.0,106.0,504.02,0.05,21.25,23.72,10710.38,0.17,595.02,25,0,4,0,15.0,12.0,74.0,34.0,25.0,False
90.0,9.0,7.0,8.0,439.0,2835.69,0.03,30.59,92.71,86738.77,0.95,4818.82,80,1,7,0,20.0,68.0,232.0,208.0,17.0,False
118.0,21.0,19.0,19.0,423.0,2711.17,0.03,34.37,78.88,93190.81,0.9,5177.27,93,10,13,0,26.0,59.0,267.0,156.0,40.0,False
5.0,1.0,1.0,1.0,17.0,60.94,0.29,3.5,17.41,213.31,0.02,11.85,3,0,0,0,6.0,6.0,10.0,7.0,1.0,False
33.0,2.0,1.0,2.0,106.0,525.14,0.07,15.24,34.47,8000.74,0.18,444.49,21,3,6,0,14.0,17.0,69.0,37.0,3.0,False
16.0,1.0,1.0,1.0,43.0,194.51,0.15,6.54,29.75,1271.82,0.06,70.66,11,0,3,0,10.0,13.0,26.0,17.0,1.0,False
4.0,1.0,1.0,1.0,5.0,11.61,0.67,1.5,7.74,17.41,0.0,0.97,2,0,0,0,3.0,2.0,3.0,2.0,1.0,False
25.0,3.0,1.0,3.0,36.0,150.12,0.09,11.0,13.65,1651.29,0.05,91.74,16,3,4,0,11.0,7.0,22.0,14.0,5.0,False
4.0,1.0,1.0,1.0,4.0,8.0,0.67,1.5,5.33,12.0,0.0,0.67,2,0,0,0,3.0,1.0,3.0,1.0,1.0,False
102.0,34.0,15.0,11.0,414.0,2528.93,0.03,28.76,87.92,72743.9,0.84,4041.33,74,19,5,2,18.0,51.0,251.0,163.0,67.0,True
33.0,1.0,1.0,1.0,85.0,384.5,0.08,13.29,28.93,5110.68,0.13,283.93,22,4,5,0,11.0,12.0,56.0,29.0,1.0,False
29.0,5.0,1.0,2.0,104.0,515.24,0.07,13.36,38.56,6884.13,0.17,382.45,14,7,5,1,13.0,18.0,67.0,37.0,9.0,False
4.0,1.0,1.0,1.0,7.0,19.65,0.5,2.0,9.83,39.3,0.01,2.18,2,0,0,0,4.0,3.0,4.0,3.0,1.0,False
32.0,9.0,1.0,1.0,50.0,250.0,0.13,7.94,31.48,1985.29,0.08,110.29,22,0,8,0,15.0,17.0,32.0,18.0,10.0,True
4.0,1.0,1.0,1.0,4.0,8.0,0.67,1.5,5.33,12.0,0.0,0.67,2,0,0,0,3.0,1.0,3.0,1.0,1.0,False
9.0,1.0,1.0,1.0,19.0,65.73,0.3,3.33,19.72,219.1,0.02,12.17,5,0,2,0,5.0,6.0,11.0,8.0,1.0,False
28.0,13.0,13.0,13.0,0.0,0.0,0.0,0.0,0.0,0.0,0.0,0.0,0,0,0,0,0.0,0.0,0.0,0.0,25.0,True
41.0,7.0,5.0,1.0,0.0,0.0,0.0,0.0,0.0,0.0,0.0,0.0,0,0,0,0,0.0,0.0,0.0,0.0,13.0,True
27.0,3.0,1.0,3.0,0.0,0.0,0.0,0.0,0.0,0.0,0.0,0.0,0,0,0,0,0.0,0.0,0.0,0.0,5.0,False
26.0,34.0,34.0,1.0,333.0,1462.64,0.01,104.0,14.06,152114.74,0.49,8450.82,20,2,2,0,14.0,7.0,229.0,104.0,67.0,True
20.0,4.0,4.0,2.0,44.0,199.04,0.11,8.73,22.81,1737.05,0.07,96.5,18,0,0,0,12.0,11.0,28.0,16.0,7.0,False
29.0,6.0,1.0,1.0,74.0,325.03,0.03,29.0,11.21,9425.91,0.11,523.65,24,0,2,1,14.0,7.0,45.0,29.0,11.0,False
5.0,1.0,1.0,1.0,12.0,41.51,0.25,4.0,10.38,166.05,0.01,9.23,3,0,0,0,8.0,3.0,9.0,3.0,1.0,False
80.0,13.0,10.0,11.0,244.0,1397.61,0.03,37.18,37.59,51967.89,0.47,2887.11,51,17,7,3,23.0,30.0,147.0,97.0,25.0,True
45.0,1.0,1.0,1.0,140.0,768.86,0.09,11.17,68.82,8589.6,0.26,477.2,28,5,10,0,13.0,32.0,85.0,55.0,1.0,True
136.0,25.0,4.0,12.0,756.0,4919.89,0.02,48.15,102.18,236892.84,1.64,13160.71,108,3,20,3,21.0,70.0,435.0,321.0,49.0,False
19.0,2.0,1.0,2.0,52.0,241.48,0.21,4.86,49.68,1173.86,0.08,65.2,14,0,3,0,7.0,18.0,27.0,25.0,3.0,False
35.0,4.0,3.0,2.0,62.0,294.8,0.1,10.0,29.48,2948.03,0.1,163.78,23,3,6,1,12.0,15.0,37.0,25.0,7.0,True
38.0,7.0,1.0,7.0,132.0,687.65,0.05,18.75,36.67,12893.4,0.23,716.3,26,0,10,0,15.0,22.0,77.0,55.0,13.0,False
38.0,2.0,1.0,2.0,87.0,387.97,0.09,11.42,33.96,4431.82,0.13,246.21,22,4,9,0,9.0,13.0,54.0,33.0,3.0,False
22.0,3.0,1.0,3.0,63.0,299.56,0.09,11.2,26.75,3355.05,0.1,186.39,15,0,4,0,12.0,15.0,35.0,28.0,5.0,False
46.0,9.0,8.0,5.0,164.0,889.91,0.06,17.38,51.2,15465.98,0.3,859.22,40,0,4,0,14.0,29.0,92.0,72.0,17.0,False
16.0,2.0,1.0,2.0,14.0,50.19,0.33,3.0,16.73,150.57,0.02,8.36,5,6,1,0,6.0,6.0,8.0,6.0,3.0,False
10.0,6.0,6.0,1.0,68.0,323.33,0.04,25.0,12.93,8083.31,0.11,449.07,8,0,1,1,18.0,9.0,43.0,25.0,11.0,False
30.0,4.0,1.0,2.0,0.0,0.0,0.0,0.0,0.0,0.0,0.0,0.0,0,0,0,0,0.0,0.0,0.0,0.0,7.0,False
11.0,5.0,3.0,3.0,32.0,140.55,0.1,9.75,14.42,1370.4,0.05,76.13,8,0,1,0,13.0,8.0,20.0,12.0,9.0,False
31.0,7.0,7.0,3.0,76.0,369.21,0.06,16.62,22.22,6134.51,0.12,340.81,24,2,3,0,16.0,13.0,49.0,27.0,13.0,False
32.0,3.0,1.0,3.0,116.0,617.34,0.06,16.36,37.73,10101.99,0.21,561.22,27,0,3,0,18.0,22.0,76.0,40.0,5.0,True
13.0,1.0,1.0,1.0,38.0,161.42,0.29,3.39,47.58,547.68,0.05,30.43,10,0,1,0,5.0,14.0,19.0,19.0,1.0,False
4.0,1.0,1.0,1.0,5.0,11.61,0.67,1.5,7.74,17.41,0.0,0.97,2,0,0,0,3.0,2.0,3.0,2.0,1.0,False
47.0,8.0,5.0,7.0,123.0,667.43,0.04,26.71,24.98,17829.93,0.22,990.55,39,0,6,0,22.0,21.0,72.0,51.0,15.0,False
189.0,33.0,15.0,16.0,510.0,3388.37,0.03,37.17,91.17,125934.29,1.13,6996.35,174,3,10,0,26.0,75.0,289.0,223.0,65.0,False
69.0,14.0,9.0,10.0,184.0,1058.9,0.05,20.29,52.18,21489.43,0.35,1193.86,42,10,11,2,20.0,34.0,115.0,69.0,27.0,True
6.0,1.0,1.0,1.0,14.0,48.43,0.23,4.38,11.07,211.89,0.02,11.77,3,0,1,0,7.0,4.0,9.0,5.0,1.0,False
13.0,1.0,1.0,1.0,0.0,0.0,0.0,0.0,0.0,0.0,0.0,0.0,0,0,0,0,0.0,0.0,0.0,0.0,1.0,False
5.0,1.0,1.0,1.0,17.0,60.94,0.29,3.5,17.41,213.31,0.02,11.85,3,0,0,0,6.0,6.0,10.0,7.0,1.0,False
24.0,6.0,5.0,4.0,80.0,380.39,0.07,14.86,25.6,5651.52,0.13,313.97,10,9,3,0,13.0,14.0,48.0,32.0,11.0,False
15.0,2.0,1.0,2.0,35.0,151.27,0.19,5.33,28.36,806.76,0.05,44.82,13,0,2,0,8.0,12.0,19.0,16.0,3.0,True
8.0,1.0,1.0,1.0,38.0,148.46,0.14,7.0,21.21,1039.23,0.05,57.74,6,0,0,0,7.0,8.0,22.0,16.0,1.0,False
15.0,3.0,1.0,2.0,47.0,215.49,0.11,9.0,23.94,1939.44,0.07,107.75,10,0,2,1,12.0,12.0,29.0,18.0,5.0,True
77.0,8.0,5.0,5.0,264.0,1432.53,0.02,56.21,25.49,80523.48,0.48,4473.53,60,3,7,2,24.0,19.0,175.0,89.0,15.0,True
11.0,3.0,3.0,2.0,0.0,0.0,0.0,0.0,0.0,0.0,0.0,0.0,0,0,0,0,0.0,0.0,0.0,0.0,5.0,False
26.0,1.0,1.0,1.0,92.0,482.81,0.1,9.88,48.87,4770.16,0.16,265.01,18,0,5,0,13.0,25.0,54.0,38.0,1.0,False
102.0,4.0,1.0,4.0,0.0,0.0,0.0,0.0,0.0,0.0,0.0,0.0,0,0,0,0,0.0,0.0,0.0,0.0,7.0,False
15.0,1.0,1.0,1.0,41.0,164.0,0.24,4.09,40.09,670.91,0.05,37.27,9,0,4,0,5.0,11.0,23.0,18.0,1.0,False
42.0,5.0,1.0,4.0,0.0,0.0,0.0,0.0,0.0,0.0,0.0,0.0,0,0,0,0,0.0,0.0,0.0,0.0,9.0,False
109.0,18.0,10.0,16.0,474.0,2952.46,0.03,39.86,74.07,117688.34,0.98,6538.24,94,0,10,0,21.0,54.0,269.0,205.0,35.0,False
53.0,8.0,1.0,7.0,127.0,743.96,0.07,14.47,51.4,10767.89,0.25,598.22,48,0,5,0,20.0,38.0,72.0,55.0,15.0,False
46.0,7.0,4.0,6.0,0.0,0.0,0.0,0.0,0.0,0.0,0.0,0.0,0,0,0,0,0.0,0.0,0.0,0.0,13.0,True
168.0,26.0,22.0,20.0,564.0,4026.71,0.04,25.33,158.95,102009.91,1.34,5667.22,138,9,20,1,24.0,117.0,317.0,247.0,51.0,True
107.0,8.0,1.0,5.0,312.0,1892.62,0.03,31.91,59.3,60402.76,0.63,3355.71,89,1,5,10,20.0,47.0,162.0,150.0,15.0,False
6.0,1.0,1.0,1.0,4.0,8.0,0.67,1.5,5.33,12.0,0.0,0.67,2,0,0,0,3.0,1.0,3.0,1.0,1.0,False
63.0,8.0,1.0,7.0,176.0,966.57,0.03,30.4,31.79,29383.61,0.32,1632.42,54,0,7,0,20.0,25.0,100.0,76.0,15.0,False
141.0,3.0,1.0,3.0,498.0,2467.19,0.02,65.05,37.93,160497.19,0.82,8916.51,103,6,30,0,12.0,19.0,292.0,206.0,5.0,False
23.0,8.0,8.0,2.0,87.0,438.86,0.03,33.0,13.3,14482.46,0.15,804.58,18,0,2,0,22.0,11.0,54.0,33.0,15.0,True
4.0,1.0,1.0,1.0,5.0,11.61,0.67,1.5,7.74,17.41,0.0,0.97,4,0,0,0,3.0,2.0,3.0,2.0,1.0,False
74.0,12.0,1.0,12.0,0.0,0.0,0.0,0.0,0.0,0.0,0.0,0.0,0,0,0,0,0.0,0.0,0.0,0.0,20.0,False
13.0,1.0,1.0,1.0,1.0,0.0,0.0,0.0,0.0,0.0,0.0,0.0,1,10,0,0,1.0,0.0,1.0,0.0,1.0,False
25.0,2.0,1.0,2.0,44.0,206.82,0.1,10.23,20.22,2115.2,0.07,117.51,17,2,3,0,15.0,11.0,29.0,15.0,3.0,False
61.0,9.0,9.0,5.0,196.0,997.14,0.03,35.44,28.14,35336.25,0.33,1963.12,45,2,12,0,18.0,16.0,133.0,63.0,17.0,False
122.0,13.0,6.0,8.0,370.0,2139.1,0.02,58.28,36.71,124658.08,0.71,6925.45,82,23,12,3,26.0,29.0,240.0,130.0,25.0,False
17.0,9.0,1.0,1.0,75.0,375.0,0.14,7.0,53.57,2625.0,0.13,145.83,14,0,1,0,14.0,18.0,57.0,18.0,10.0,False
52.0,6.0,1.0,6.0,123.0,667.43,0.07,14.71,45.37,9818.93,0.22,545.5,42,0,6,1,17.0,26.0,78.0,45.0,11.0,False
7.0,1.0,1.0,1.0,16.0,55.35,0.44,2.29,24.22,126.52,0.02,7.03,4,0,1,0,4.0,7.0,8.0,8.0,1.0,False
4.0,1.0,1.0,1.0,9.0,28.53,0.33,3.0,9.51,85.59,0.01,4.75,2,0,0,0,6.0,3.0,6.0,3.0,1.0,False
43.0,4.0,1.0,3.0,137.0,708.28,0.06,17.86,39.66,12647.85,0.24,702.66,30,0,11,0,15.0,21.0,87.0,50.0,7.0,True
21.0,5.0,1.0,2.0,67.0,335.0,0.05,19.93,16.81,6676.07,0.11,370.89,12,0,4,0,18.0,14.0,36.0,31.0,9.0,False
6.0,1.0,1.0,1.0,21.0,79.95,0.36,2.78,28.78,222.1,0.03,12.34,4,0,0,0,5.0,9.0,11.0,10.0,1.0,False
58.0,4.0,1.0,4.0,0.0,0.0,0.0,0.0,0.0,0.0,0.0,0.0,0,0,0,0,0.0,0.0,0.0,0.0,7.0,True
39.0,7.0,7.0,3.0,0.0,0.0,0.0,0.0,0.0,0.0,0.0,0.0,0,0,0,0,0.0,0.0,0.0,0.0,13.0,False
12.0,2.0,1.0,1.0,22.0,89.92,0.26,3.85,23.36,346.21,0.03,19.23,5,3,2,0,7.0,10.0,11.0,11.0,3.0,False
119.0,12.0,1.0,5.0,398.0,2537.27,0.03,29.05,87.35,73701.53,0.85,4094.53,84,10,23,0,20.0,63.0,215.0,183.0,23.0,True
75.0,13.0,6.0,8.0,205.0,1105.43,0.03,29.24,37.81,32322.63,0.37,1795.7,50,12,11,0,17.0,25.0,119.0,86.0,25.0,True
13.0,2.0,1.0,2.0,33.0,134.89,0.18,5.63,23.98,758.74,0.04,42.15,8,0,1,0,9.0,8.0,23.0,10.0,3.0,False
18.0,6.0,5.0,3.0,209.0,1112.28,0.03,33.15,33.56,36868.91,0.37,2048.27,13,0,2,1,23.0,17.0,160.0,49.0,11.0,False
17.0,4.0,4.0,1.0,54.0,244.27,0.06,17.11,14.28,4179.77,0.08,232.21,14,0,1,0,14.0,9.0,32.0,22.0,7.0,False
34.0,6.0,1.0,4.0,131.0,666.46,0.04,28.44,23.43,18957.02,0.22,1053.17,23,2,6,0,16.0,18.0,67.0,64.0,11.0,False
33.0,2.0,1.0,2.0,0.0,0.0,0.0,0.0,0.0,0.0,0.0,0.0,0,0,0,0,0.0,0.0,0.0,0.0,3.0,True
19.0,2.0,1.0,2.0,0.0,0.0,0.0,0.0,0.0,0.0,0.0,0.0,0,0,0,0,0.0,0.0,0.0,0.0,3.0,False
41.0,6.0,3.0,2.0,105.0,538.57,0.05,19.83,27.16,10681.73,0.18,593.43,30,2,4,3,17.0,18.0,63.0,42.0,11.0,False
21.0,2.0,1.0,2.0,109.0,524.0,0.07,13.89,37.73,7277.8,0.17,404.32,17,1,1,0,10.0,18.0,59.0,50.0,3.0,False
17.0,3.0,3.0,1.0,0.0,0.0,0.0,0.0,0.0,0.0,0.0,0.0,0,0,0,0,0.0,0.0,0.0,0.0,5.0,False
7.0,2.0,1.0,1.0,15.0,51.89,0.19,5.33,9.73,276.75,0.02,15.38,5,0,0,0,8.0,3.0,11.0,4.0,3.0,False
142.0,30.0,24.0,12.0,574.0,3444.0,0.02,63.6,54.15,219038.4,1.15,12168.8,113,12,13,0,24.0,40.0,362.0,212.0,59.0,True
25.0,5.0,5.0,3.0,67.0,325.48,0.07,13.53,24.05,4404.89,0.11,244.72,17,2,4,0,14.0,15.0,38.0,29.0,9.0,False
4.0,1.0,1.0,1.0,4.0,8.0,0.67,1.5,5.33,12.0,0.0,0.67,2,0,0,0,3.0,1.0,3.0,1.0,1.0,False
24.0,7.0,3.0,2.0,63.0,292.56,0.09,10.62,27.56,3105.67,0.1,172.54,22,0,0,0,12.0,13.0,40.0,23.0,13.0,False
172.0,25.0,24.0,25.0,579.0,3617.55,0.03,30.27,119.52,109491.18,1.21,6082.84,136,8,18,6,16.0,60.0,352.0,227.0,49.0,True
7.0,1.0,1.0,1.0,27.0,108.0,0.12,8.36,12.92,902.57,0.04,50.14,6,1,0,0,9.0,7.0,14.0,13.0,1.0,False
312.0,39.0,30.0,14.0,1097.0,7012.37,0.01,97.82,71.69,685920.72,2.34,38106.71,228,35,42,5,27.0,57.0,684.0,413.0,77.0,False
38.0,8.0,7.0,4.0,82.0,370.93,0.05,22.1,16.78,8197.6,0.12,455.42,24,4,4,1,13.0,10.0,48.0,34.0,15.0,False
30.0,4.0,1.0,1.0,69.0,262.71,0.05,19.33,13.59,5079.01,0.09,282.17,18,6,4,0,8.0,6.0,40.0,29.0,7.0,False
16.0,6.0,3.0,2.0,66.0,302.61,0.05,18.2,16.63,5507.46,0.1,305.97,13,0,1,0,14.0,10.0,40.0,26.0,11.0,False
6.0,1.0,1.0,1.0,9.0,25.27,0.67,1.5,16.84,37.9,0.01,2.11,3,0,1,0,3.0,4.0,5.0,4.0,1.0,False
38.0,9.0,1.0,9.0,147.0,706.68,0.05,19.5,36.24,13780.28,0.24,765.57,22,0,9,4,12.0,16.0,95.0,52.0,17.0,False
252.0,33.0,23.0,18.0,689.0,4699.1,0.02,46.61,100.81,219033.5,1.57,12168.53,172,45,32,1,28.0,85.0,406.0,283.0,65.0,True
19.0,3.0,1.0,3.0,27.0,105.49,0.15,6.75,15.63,712.03,0.04,39.56,10,7,0,0,9.0,6.0,18.0,9.0,5.0,False
17.0,6.0,3.0,2.0,62.0,272.32,0.05,21.12,12.89,5752.84,0.09,319.6,13,0,1,0,13.0,8.0,36.0,26.0,11.0,False
10.0,1.0,1.0,1.0,16.0,55.35,0.11,9.0,6.15,498.16,0.02,27.68,4,0,3,0,9.0,2.0,12.0,4.0,1.0,False
21.0,3.0,1.0,3.0,27.0,112.59,0.18,5.5,20.47,619.23,0.04,34.4,11,6,2,0,9.0,9.0,16.0,11.0,5.0,False
6.0,1.0,1.0,1.0,14.0,50.19,0.4,2.5,20.08,125.47,0.02,6.97,3,0,1,0,5.0,7.0,7.0,7.0,1.0,False
14.0,2.0,1.0,2.0,26.0,104.0,0.18,5.5,18.91,572.0,0.03,31.78,8,1,2,0,8.0,8.0,15.0,11.0,3.0,False
10.0,1.0,1.0,1.0,26.0,101.58,0.19,5.14,19.75,522.4,0.03,29.02,5,0,3,0,8.0,7.0,17.0,9.0,1.0,False
7.0,2.0,1.0,1.0,26.0,108.42,0.11,9.0,12.05,975.76,0.04,54.21,4,0,1,0,12.0,6.0,17.0,9.0,3.0,False
127.0,50.0,44.0,3.0,430.0,2589.62,0.02,47.5,54.52,123006.86,0.86,6833.71,108,3,14,0,25.0,40.0,289.0,152.0,98.0,False
7.0,2.0,1.0,1.0,19.0,68.11,0.13,7.5,9.08,510.86,0.02,28.38,5,0,0,0,9.0,3.0,14.0,5.0,3.0,False
15.0,4.0,3.0,2.0,33.0,137.61,0.08,11.79,11.68,1621.8,0.05,90.1,11,0,2,0,11.0,7.0,18.0,15.0,7.0,False
12.0,3.0,3.0,2.0,30.0,131.77,0.11,8.94,14.74,1177.69,0.04,65.43,10,0,0,0,13.0,8.0,19.0,11.0,5.0,False
17.0,16.0,16.0,16.0,126.0,577.71,0.06,15.71,36.76,9078.23,0.19,504.35,14,0,0,1,10.0,14.0,82.0,44.0,31.0,False
486.0,23.0,1.0,21.0,2443.0,16335.12,0.01,114.75,142.35,1874505.53,5.45,104139.2,439,0,44,1,22.0,81.0,1598.0,845.0,45.0,False
27.0,2.0,1.0,1.0,54.0,253.82,0.08,12.5,20.31,3172.8,0.08,176.27,15,3,6,0,13.0,13.0,29.0,25.0,3.0,False
93.0,5.0,1.0,5.0,335.0,2073.59,0.03,28.68,72.3,59469.03,0.69,3303.84,86,1,4,0,20.0,53.0,184.0,152.0,9.0,False
17.0,7.0,7.0,5.0,53.0,229.06,0.09,11.0,20.82,2519.68,0.08,139.98,15,0,0,0,11.0,9.0,35.0,18.0,13.0,False
42.0,8.0,8.0,4.0,0.0,0.0,0.0,0.0,0.0,0.0,0.0,0.0,0,0,0,0,0.0,0.0,0.0,0.0,15.0,False
66.0,15.0,1.0,15.0,226.0,1356.0,0.03,29.17,46.49,39550.0,0.45,2197.22,59,0,5,0,25.0,39.0,135.0,91.0,19.0,False
24.0,12.0,11.0,2.0,96.0,527.22,0.08,12.14,43.44,6399.33,0.18,355.52,20,0,2,0,16.0,29.0,52.0,44.0,23.0,False
15.0,2.0,1.0,1.0,46.0,175.14,0.08,12.67,13.83,2218.42,0.06,123.25,9,0,3,0,8.0,6.0,27.0,19.0,3.0,False
39.0,3.0,1.0,2.0,117.0,634.87,0.07,14.22,44.64,9029.3,0.21,501.63,25,7,4,0,16.0,27.0,69.0,48.0,5.0,False
69.0,8.0,7.0,6.0,185.0,1088.29,0.04,22.68,47.98,24683.0,0.36,1371.28,51,3,13,0,23.0,36.0,114.0,71.0,15.0,True
6.0,1.0,1.0,1.0,13.0,39.0,0.56,1.8,21.67,70.2,0.01,3.9,4,0,0,0,3.0,5.0,7.0,6.0,1.0,False
18.0,5.0,4.0,4.0,69.0,324.33,0.06,16.36,19.82,5307.22,0.11,294.85,10,3,3,0,15.0,11.0,45.0,24.0,9.0,False
4.0,1.0,1.0,1.0,8.0,24.0,0.33,3.0,8.0,72.0,0.01,4.0,2,0,0,0,6.0,2.0,6.0,2.0,1.0,False
4.0,1.0,1.0,1.0,7.0,19.65,0.5,2.0,9.83,39.3,0.01,2.18,2,0,0,0,4.0,3.0,4.0,3.0,1.0,False
187.0,20.0,7.0,18.0,531.0,3614.71,0.03,39.13,92.37,141452.57,1.2,7858.48,143,14,26,2,29.0,83.0,307.0,224.0,37.0,True
45.0,11.0,1.0,1.0,141.0,670.44,0.02,44.2,15.17,29633.41,0.22,1646.3,28,6,4,2,17.0,10.0,89.0,52.0,21.0,False
82.0,19.0,12.0,13.0,265.0,1624.26,0.05,22.0,73.83,35733.72,0.54,1985.21,65,1,11,1,22.0,46.0,171.0,96.0,37.0,True
32.0,6.0,1.0,1.0,54.0,229.39,0.19,5.31,43.22,1217.52,0.08,67.64,24,0,3,3,6.0,13.0,31.0,23.0,11.0,True
140.0,39.0,36.0,19.0,612.0,3629.61,0.02,58.54,62.01,212465.05,1.21,11803.61,113,6,9,6,20.0,41.0,372.0,240.0,77.0,False
74.0,12.0,1.0,8.0,181.0,1041.63,0.04,26.71,39.0,27821.73,0.35,1545.65,54,0,12,2,23.0,31.0,109.0,72.0,21.0,False
38.0,6.0,1.0,3.0,75.0,339.27,0.04,23.33,14.54,7916.23,0.11,439.79,12,2,19,3,14.0,9.0,45.0,30.0,11.0,True
20.0,1.0,1.0,1.0,0.0,0.0,0.0,0.0,0.0,0.0,0.0,0.0,0,0,0,0,0.0,0.0,0.0,0.0,1.0,True
112.0,39.0,39.0,31.0,526.0,2968.67,0.01,66.81,44.44,198326.2,0.99,11018.12,102,0,8,0,19.0,31.0,308.0,218.0,77.0,False
45.0,4.0,1.0,4.0,151.0,808.99,0.08,12.83,63.04,10382.04,0.27,576.78,35,0,8,0,11.0,30.0,81.0,70.0,7.0,False
4.0,2.0,1.0,1.0,18.0,73.57,0.22,4.5,16.35,331.08,0.02,18.39,2,0,0,0,9.0,8.0,10.0,8.0,3.0,False
17.0,2.0,1.0,1.0,43.0,185.84,0.13,7.5,24.78,1393.82,0.06,77.43,13,0,1,0,10.0,10.0,28.0,15.0,3.0,False
25.0,3.0,1.0,3.0,89.0,476.82,0.12,8.48,56.21,4044.77,0.16,224.71,20,0,3,0,12.0,29.0,48.0,41.0,5.0,False
43.0,6.0,1.0,3.0,0.0,0.0,0.0,0.0,0.0,0.0,0.0,0.0,0,0,0,0,0.0,0.0,0.0,0.0,11.0,False
31.0,3.0,1.0,1.0,65.0,322.02,0.08,12.27,26.25,3950.15,0.11,219.45,22,1,4,0,16.0,15.0,42.0,23.0,5.0,False
321.0,45.0,18.0,16.0,867.0,5600.33,0.01,101.64,55.1,569205.67,1.87,31622.54,226,46,37,10,30.0,58.0,474.0,393.0,89.0,True
53.0,8.0,1.0,8.0,172.0,902.64,0.03,36.11,25.0,32595.46,0.3,1810.86,46,0,5,0,20.0,18.0,107.0,65.0,14.0,False
11.0,2.0,1.0,2.0,25.0,104.25,0.11,9.1,11.46,948.66,0.03,52.7,8,0,1,0,13.0,5.0,18.0,7.0,3.0,False
6.0,1.0,1.0,1.0,9.0,23.26,0.5,2.0,11.63,46.53,0.01,2.58,3,0,1,0,3.0,3.0,5.0,4.0,1.0,False
18.0,2.0,1.0,2.0,41.0,182.84,0.13,7.5,24.38,1371.28,0.06,76.18,16,0,2,0,10.0,12.0,23.0,18.0,3.0,False
51.0,16.0,9.0,3.0,0.0,0.0,0.0,0.0,0.0,0.0,0.0,0.0,0,0,0,0,0.0,0.0,0.0,0.0,31.0,True
52.0,8.0,7.0,4.0,0.0,0.0,0.0,0.0,0.0,0.0,0.0,0.0,0,0,0,0,0.0,0.0,0.0,0.0,15.0,False
38.0,4.0,1.0,4.0,165.0,801.57,0.06,17.78,45.1,14247.85,0.27,791.55,35,0,1,0,9.0,20.0,86.0,79.0,7.0,False
51.0,7.0,4.0,7.0,166.0,959.71,0.09,10.88,88.18,10445.17,0.32,580.29,36,4,7,1,12.0,43.0,88.0,78.0,13.0,False
6.0,1.0,1.0,1.0,0.0,0.0,0.0,0.0,0.0,0.0,0.0,0.0,0,0,0,0,0.0,0.0,0.0,0.0,1.0,False
11.0,1.0,1.0,1.0,48.0,196.2,0.15,6.65,29.5,1304.72,0.07,72.48,9,0,0,0,7.0,10.0,29.0,19.0,1.0,False
14.0,1.0,1.0,1.0,79.0,346.99,0.22,4.59,75.63,1592.09,0.12,88.45,12,0,0,0,4.0,17.0,40.0,39.0,1.0,True
39.0,5.0,1.0,5.0,0.0,0.0,0.0,0.0,0.0,0.0,0.0,0.0,0,0,0,0,0.0,0.0,0.0,0.0,9.0,False
53.0,5.0,1.0,5.0,160.0,878.7,0.06,18.0,48.82,15816.54,0.29,878.7,27,4,20,0,18.0,27.0,106.0,54.0,9.0,True
33.0,4.0,1.0,1.0,0.0,0.0,0.0,0.0,0.0,0.0,0.0,0.0,0,0,0,0,0.0,0.0,0.0,0.0,5.0,False
26.0,5.0,1.0,3.0,53.0,246.12,0.09,11.54,21.33,2839.9,0.08,157.77,20,0,4,0,12.0,13.0,28.0,25.0,9.0,False
158.0,21.0,10.0,11.0,328.0,1790.69,0.02,50.42,35.52,90280.8,0.6,5015.6,95,30,31,0,20.0,24.0,207.0,121.0,41.0,False
5.0,1.0,1.0,1.0,6.0,15.51,0.5,2.0,7.75,31.02,0.01,1.72,2,0,1,0,4.0,2.0,4.0,2.0,1.0,False
19.0,1.0,1.0,1.0,117.0,590.19,0.12,8.44,69.95,4979.76,0.2,276.65,14,0,3,0,9.0,24.0,72.0,45.0,1.0,False
4.0,1.0,1.0,1.0,12.0,39.86,0.4,2.5,15.95,99.66,0.01,5.54,2,0,0,0,5.0,5.0,7.0,5.0,1.0,False
28.0,3.0,1.0,2.0,65.0,327.89,0.09,11.29,29.03,3703.18,0.11,205.73,25,0,3,0,16.0,17.0,41.0,24.0,5.0,False
26.0,6.0,6.0,3.0,45.0,197.65,0.1,10.0,19.77,1976.54,0.07,109.81,19,0,4,1,12.0,9.0,30.0,15.0,11.0,False
7.0,1.0,1.0,1.0,17.0,51.0,0.42,2.4,21.25,122.4,0.02,6.8,5,0,0,0,3.0,5.0,9.0,8.0,1.0,False
8.0,1.0,1.0,1.0,22.0,89.92,0.2,5.06,17.76,455.24,0.03,25.29,4,0,2,0,9.0,8.0,13.0,9.0,1.0,True
4.0,1.0,1.0,1.0,10.0,31.7,0.4,2.5,12.68,79.25,0.01,4.4,2,0,0,0,5.0,4.0,6.0,4.0,1.0,False
17.0,2.0,1.0,1.0,37.0,169.64,0.13,8.0,21.21,1357.15,0.06,75.4,11,0,3,1,12.0,12.0,21.0,16.0,3.0,False
10.0,3.0,1.0,3.0,41.0,187.98,0.13,7.5,25.06,1409.88,0.06,78.33,6,0,2,0,12.0,12.0,26.0,15.0,5.0,False
4.0,1.0,1.0,1.0,5.0,11.61,0.67,1.5,7.74,17.41,0.0,0.97,2,0,0,0,3.0,2.0,3.0,2.0,1.0,False
19.0,2.0,1.0,2.0,37.0,167.37,0.23,4.27,39.23,714.12,0.06,39.67,10,0,3,4,8.0,15.0,21.0,16.0,3.0,False
36.0,6.0,4.0,5.0,104.0,557.19,0.08,12.98,42.92,7232.7,0.19,401.82,24,5,5,0,15.0,26.0,59.0,45.0,11.0,False
16.0,6.0,6.0,2.0,61.0,267.93,0.05,21.25,12.61,5693.54,0.09,316.31,13,0,1,0,15.0,6.0,44.0,17.0,11.0,False
7.0,1.0,1.0,1.0,15.0,57.11,0.29,3.5,16.32,199.89,0.02,11.1,4,0,1,0,7.0,7.0,8.0,7.0,1.0,False
33.0,12.0,8.0,7.0,146.0,760.58,0.04,24.38,31.2,18543.67,0.25,1030.2,20,8,3,0,16.0,21.0,82.0,64.0,23.0,False
10.0,1.0,1.0,1.0,19.0,60.23,0.28,3.6,16.73,216.82,0.02,12.05,7,0,1,0,4.0,5.0,10.0,9.0,1.0,False
20.0,4.0,1.0,1.0,78.0,362.22,0.09,11.67,31.05,4225.91,0.12,234.77,14,0,4,0,10.0,15.0,43.0,35.0,7.0,False
13.0,2.0,1.0,2.0,37.0,165.0,0.14,7.0,23.57,1154.99,0.05,64.17,8,0,2,0,11.0,11.0,23.0,14.0,3.0,False
5.0,1.0,1.0,1.0,4.0,8.0,0.67,1.5,5.33,12.0,0.0,0.67,2,0,1,0,3.0,1.0,3.0,1.0,1.0,False
18.0,3.0,1.0,3.0,41.0,182.84,0.16,6.25,29.25,1142.73,0.06,63.48,15,0,1,0,10.0,12.0,26.0,15.0,5.0,False
29.0,2.0,1.0,2.0,51.0,204.0,0.09,11.0,18.55,2244.0,0.07,124.67,19,6,2,0,8.0,8.0,29.0,22.0,3.0,True
26.0,5.0,5.0,3.0,61.0,299.32,0.07,13.71,21.83,4104.96,0.1,228.05,14,7,3,0,16.0,14.0,37.0,24.0,9.0,False
13.0,3.0,1.0,2.0,0.0,0.0,0.0,0.0,0.0,0.0,0.0,0.0,0,0,0,0,0.0,0.0,0.0,0.0,5.0,False
209.0,19.0,17.0,13.0,420.0,2574.3,0.02,43.83,58.74,112821.45,0.86,6267.86,116,47,37,7,24.0,46.0,252.0,168.0,37.0,True
32.0,7.0,7.0,3.0,0.0,0.0,0.0,0.0,0.0,0.0,0.0,0.0,0,0,0,0,0.0,0.0,0.0,0.0,13.0,False
12.0,2.0,1.0,2.0,35.0,158.32,0.23,4.27,37.11,675.52,0.05,37.53,9,0,1,0,8.0,15.0,19.0,16.0,3.0,False
91.0,15.0,11.0,10.0,354.0,2139.72,0.03,35.0,61.13,74890.04,0.71,4160.56,75,3,11,0,22.0,44.0,214.0,140.0,29.0,False
61.0,1.0,1.0,1.0,255.0,1153.51,0.01,79.69,14.48,91920.19,0.38,5106.68,43,2,13,0,15.0,8.0,170.0,85.0,1.0,False
19.0,2.0,1.0,1.0,60.0,240.0,0.06,15.43,15.56,3702.86,0.08,205.71,14,0,3,0,9.0,7.0,36.0,24.0,3.0,True
40.0,4.0,1.0,4.0,151.0,740.94,0.06,16.32,45.36,12102.03,0.25,672.33,32,0,6,0,12.0,18.0,102.0,49.0,7.0,False
28.0,4.0,1.0,4.0,72.0,342.35,0.08,13.2,25.94,4519.05,0.11,251.06,24,0,2,0,12.0,15.0,39.0,33.0,7.0,False
12.0,2.0,1.0,2.0,34.0,146.95,0.25,4.04,36.39,593.43,0.05,32.97,10,0,0,0,7.0,13.0,19.0,15.0,3.0,False
24.0,9.0,6.0,2.0,95.0,470.65,0.03,35.7,13.18,16802.16,0.16,933.45,20,0,2,0,21.0,10.0,61.0,34.0,17.0,False
32.0,5.0,3.0,3.0,104.0,505.23,0.06,17.06,29.61,8620.49,0.17,478.92,21,3,2,0,13.0,16.0,62.0,42.0,9.0,False
62.0,10.0,8.0,9.0,138.0,739.34,0.05,18.24,40.53,13485.6,0.25,749.2,46,6,8,0,16.0,25.0,81.0,57.0,19.0,False
12.0,1.0,1.0,1.0,6.0,15.51,0.4,2.5,6.2,38.77,0.01,2.15,1,5,2,1,5.0,1.0,5.0,1.0,1.0,False
16.0,2.0,1.0,1.0,0.0,0.0,0.0,0.0,0.0,0.0,0.0,0.0,0,0,0,0,0.0,0.0,0.0,0.0,3.0,False
51.0,11.0,1.0,2.0,99.0,515.74,0.07,14.78,34.9,7621.43,0.17,423.41,36,0,11,1,19.0,18.0,71.0,28.0,12.0,False
34.0,6.0,6.0,2.0,0.0,0.0,0.0,0.0,0.0,0.0,0.0,0.0,0,0,0,0,0.0,0.0,0.0,0.0,11.0,False
150.0,28.0,22.0,12.0,0.0,0.0,0.0,0.0,0.0,0.0,0.0,0.0,0,0,0,0,0.0,0.0,0.0,0.0,55.0,True
28.0,2.0,1.0,2.0,81.0,412.08,0.09,11.76,35.04,4846.9,0.14,269.27,21,4,1,0,13.0,21.0,43.0,38.0,3.0,False
4.0,1.0,1.0,1.0,7.0,19.65,0.4,2.5,7.86,49.13,0.01,2.73,2,0,0,0,5.0,2.0,5.0,2.0,1.0,False
45.0,6.0,3.0,4.0,112.0,603.94,0.08,13.06,46.26,7884.77,0.2,438.04,41,0,2,0,15.0,27.0,65.0,47.0,11.0,False
17.0,2.0,1.0,2.0,56.0,272.05,0.16,6.32,43.07,1718.19,0.09,95.46,13,0,1,0,10.0,19.0,32.0,24.0,3.0,False
12.0,2.0,1.0,2.0,52.0,241.48,0.15,6.75,35.77,1629.99,0.08,90.56,9,0,1,0,9.0,16.0,28.0,24.0,3.0,False
48.0,9.0,8.0,4.0,147.0,787.56,0.02,41.65,18.91,32799.55,0.26,1822.2,40,0,8,0,24.0,17.0,88.0,59.0,17.0,True
377.0,48.0,19.0,44.0,1295.0,8764.8,0.01,84.86,103.28,743817.61,2.92,41323.2,303,36,36,0,28.0,81.0,804.0,491.0,89.0,False
35.0,10.0,1.0,1.0,55.0,282.11,0.13,7.5,37.61,2115.83,0.09,117.55,24,0,9,0,15.0,20.0,35.0,20.0,11.0,False
31.0,3.0,1.0,2.0,87.0,438.86,0.09,10.86,40.42,4764.79,0.15,264.71,24,0,5,0,12.0,21.0,49.0,38.0,5.0,True
28.0,6.0,1.0,1.0,50.0,232.19,0.11,8.77,26.48,2036.15,0.08,113.12,21,0,5,0,12.0,13.0,31.0,19.0,7.0,False
22.0,2.0,1.0,1.0,75.0,381.56,0.13,7.41,51.47,2828.52,0.13,157.14,15,0,4,0,11.0,23.0,44.0,31.0,3.0,False
14.0,2.0,1.0,2.0,43.0,191.76,0.13,8.0,23.97,1534.04,0.06,85.22,9,0,2,0,11.0,11.0,27.0,16.0,3.0,False
4.0,1.0,1.0,1.0,9.0,27.0,0.5,2.0,13.5,54.0,0.01,3.0,2,0,0,0,4.0,4.0,5.0,4.0,1.0,False
72.0,6.0,1.0,5.0,245.0,1360.87,0.03,31.89,42.67,43402.17,0.45,2411.23,52,7,9,1,19.0,28.0,151.0,94.0,11.0,True
17.0,2.0,1.0,2.0,40.0,178.38,0.1,10.11,17.64,1803.59,0.06,100.2,9,2,4,0,13.0,9.0,26.0,14.0,3.0,True
20.0,2.0,1.0,2.0,46.0,198.81,0.16,6.19,32.11,1231.08,0.07,68.39,13,0,5,0,7.0,13.0,23.0,23.0,3.0,False
13.0,2.0,1.0,2.0,18.0,64.53,0.17,6.0,10.75,387.18,0.02,21.51,7,2,2,0,8.0,4.0,12.0,6.0,3.0,False
4.0,1.0,1.0,1.0,10.0,31.7,0.4,2.5,12.68,79.25,0.01,4.4,2,0,0,0,5.0,4.0,6.0,4.0,1.0,False
29.0,1.0,1.0,1.0,93.0,308.94,0.05,18.75,16.48,5792.61,0.1,321.81,24,0,3,0,6.0,4.0,68.0,25.0,1.0,False
176.0,50.0,49.0,23.0,632.0,3873.71,0.02,57.91,66.89,224338.15,1.29,12463.23,139,22,10,2,24.0,46.0,410.0,222.0,99.0,False
27.0,2.0,1.0,1.0,77.0,370.17,0.09,10.56,35.07,3907.31,0.12,217.07,20,2,3,0,10.0,18.0,39.0,38.0,3.0,False
41.0,9.0,1.0,3.0,94.0,474.17,0.05,18.35,25.84,8702.47,0.16,483.47,33,0,5,1,16.0,17.0,55.0,39.0,17.0,False
4.0,1.0,1.0,1.0,5.0,11.61,0.67,1.5,7.74,17.41,0.0,0.97,2,0,0,0,3.0,2.0,3.0,2.0,1.0,False
30.0,4.0,1.0,3.0,128.0,676.53,0.05,21.91,30.87,14824.86,0.23,823.6,24,0,4,0,16.0,23.0,65.0,63.0,7.0,False
43.0,3.0,1.0,2.0,0.0,0.0,0.0,0.0,0.0,0.0,0.0,0.0,0,0,0,0,0.0,0.0,0.0,0.0,5.0,False
6.0,1.0,1.0,1.0,10.0,31.7,0.4,2.5,12.68,79.25,0.01,4.4,3,0,1,0,5.0,4.0,6.0,4.0,1.0,True
29.0,6.0,1.0,4.0,85.0,425.0,0.07,13.68,31.06,5815.79,0.14,323.1,20,2,5,0,13.0,19.0,45.0,40.0,11.0,True
68.0,11.0,9.0,7.0,289.0,1678.33,0.03,34.2,49.07,57398.73,0.56,3188.82,59,0,7,0,21.0,35.0,175.0,114.0,21.0,True
5.0,1.0,1.0,1.0,9.0,25.27,0.5,2.0,12.63,50.53,0.01,2.81,3,0,0,0,4.0,3.0,6.0,3.0,1.0,False
44.0,6.0,4.0,3.0,143.0,798.65,0.04,28.5,28.02,22761.51,0.27,1264.53,26,7,7,2,24.0,24.0,86.0,57.0,11.0,True
20.0,3.0,1.0,2.0,48.0,240.0,0.11,9.0,26.67,2160.0,0.08,120.0,18,0,0,0,16.0,16.0,30.0,18.0,4.0,False
14.0,1.0,1.0,1.0,23.0,87.57,0.5,2.0,43.78,175.14,0.03,9.73,8,3,3,0,4.0,10.0,13.0,10.0,1.0,False
7.0,1.0,1.0,1.0,13.0,41.21,0.42,2.4,17.17,98.9,0.01,5.49,4,0,1,0,4.0,5.0,7.0,6.0,1.0,False
61.0,26.0,24.0,8.0,297.0,1795.19,0.03,32.09,55.94,57612.92,0.6,3200.72,41,8,10,0,23.0,43.0,177.0,120.0,51.0,True
19.0,2.0,1.0,2.0,0.0,0.0,0.0,0.0,0.0,0.0,0.0,0.0,0,0,0,0,0.0,0.0,0.0,0.0,3.0,False
6.0,1.0,1.0,1.0,32.0,135.93,0.29,3.46,39.27,470.54,0.05,26.14,4,0,0,0,6.0,13.0,17.0,15.0,1.0,False
9.0,3.0,3.0,2.0,21.0,85.84,0.16,6.42,13.38,550.79,0.03,30.6,6,0,1,0,11.0,6.0,14.0,7.0,5.0,False
231.0,20.0,7.0,5.0,676.0,4197.59,0.01,89.32,47.0,374921.15,1.4,20828.95,121,56,44,3,30.0,44.0,414.0,262.0,37.0,True
19.0,3.0,1.0,3.0,40.0,163.5,0.18,5.6,29.2,915.59,0.05,50.87,16,0,1,0,7.0,10.0,24.0,16.0,5.0,False
15.0,3.0,1.0,2.0,39.0,173.92,0.13,7.8,22.3,1356.56,0.06,75.36,10,0,3,0,12.0,10.0,26.0,13.0,5.0,False
100.0,15.0,6.0,6.0,305.0,1933.65,0.05,21.3,90.79,41183.72,0.64,2287.98,79,9,12,0,19.0,62.0,166.0,139.0,29.0,False
18.0,3.0,1.0,2.0,27.0,99.91,0.21,4.71,21.19,471.01,0.03,26.17,15,0,1,0,6.0,7.0,16.0,11.0,5.0,False
19.0,6.0,1.0,6.0,58.0,232.0,0.06,16.67,13.92,3866.67,0.08,214.81,12,0,5,0,10.0,6.0,38.0,20.0,11.0,False
4.0,1.0,1.0,1.0,5.0,11.61,0.67,1.5,7.74,17.41,0.0,0.97,2,0,0,0,3.0,2.0,3.0,2.0,1.0,False
15.0,3.0,1.0,3.0,45.0,197.65,0.15,6.46,30.59,1277.15,0.07,70.95,10,0,3,0,8.0,13.0,24.0,21.0,5.0,True
21.0,6.0,1.0,4.0,90.0,445.88,0.05,18.75,23.78,8360.2,0.15,464.46,17,0,1,1,15.0,16.0,50.0,40.0,11.0,False
43.0,4.0,4.0,2.0,63.0,292.56,0.06,17.25,16.96,5046.71,0.1,280.37,25,12,4,0,15.0,10.0,41.0,23.0,7.0,False
12.0,2.0,1.0,2.0,43.0,185.84,0.23,4.29,43.36,796.47,0.06,44.25,10,0,0,0,6.0,14.0,23.0,20.0,3.0,False
17.0,2.0,1.0,2.0,41.0,190.4,0.16,6.29,30.29,1196.79,0.06,66.49,10,1,3,0,11.0,14.0,25.0,16.0,3.0,False
22.0,10.0,7.0,2.0,121.0,605.0,0.04,28.29,21.39,17112.86,0.2,950.71,19,0,1,0,19.0,14.0,84.0,44.0,19.0,True
91.0,2.0,1.0,1.0,267.0,1564.08,0.05,20.23,77.31,31645.36,0.52,1758.08,49,20,20,0,15.0,43.0,151.0,116.0,3.0,False
11.0,2.0,1.0,2.0,17.0,62.91,0.29,3.5,17.97,220.18,0.02,12.23,7,0,2,0,7.0,6.0,11.0,6.0,3.0,True
25.0,9.0,6.0,2.0,86.0,413.43,0.03,28.8,14.36,11906.86,0.14,661.49,20,1,2,0,18.0,10.0,54.0,32.0,17.0,False
41.0,4.0,1.0,3.0,133.0,665.0,0.03,29.47,22.57,19595.33,0.22,1088.63,22,10,7,0,17.0,15.0,81.0,52.0,7.0,True
5.0,1.0,1.0,1.0,0.0,0.0,0.0,0.0,0.0,0.0,0.0,0.0,0,0,0,0,0.0,0.0,0.0,0.0,1.0,False
11.0,5.0,5.0,2.0,0.0,0.0,0.0,0.0,0.0,0.0,0.0,0.0,0,0,0,0,0.0,0.0,0.0,0.0,9.0,False
44.0,10.0,8.0,7.0,208.0,1243.27,0.04,26.74,46.5,33242.04,0.41,1846.78,39,0,4,1,23.0,40.0,115.0,93.0,19.0,False
41.0,5.0,3.0,3.0,110.0,593.15,0.09,10.98,54.01,6514.48,0.2,361.92,32,1,6,0,13.0,29.0,61.0,49.0,9.0,True
25.0,13.0,13.0,13.0,108.0,501.54,0.07,14.14,35.46,7093.16,0.17,394.06,19,0,4,0,11.0,14.0,72.0,36.0,25.0,False
4.0,1.0,1.0,1.0,5.0,11.61,0.67,1.5,7.74,17.41,0.0,0.97,2,0,0,0,3.0,2.0,3.0,2.0,1.0,False
208.0,56.0,53.0,24.0,675.0,4217.35,0.02,59.07,71.4,249113.14,1.41,13839.62,165,28,10,2,25.0,51.0,434.0,241.0,111.0,False
21.0,2.0,1.0,2.0,0.0,0.0,0.0,0.0,0.0,0.0,0.0,0.0,0,0,0,0,0.0,0.0,0.0,0.0,3.0,False
14.0,3.0,3.0,1.0,28.0,116.76,0.09,11.0,10.61,1284.34,0.04,71.35,10,0,2,0,12.0,6.0,17.0,11.0,5.0,False
12.0,4.0,3.0,3.0,27.0,112.59,0.15,6.87,16.37,774.04,0.04,43.0,11,0,1,0,10.0,8.0,16.0,11.0,7.0,False
5.0,1.0,1.0,1.0,4.0,8.0,0.67,1.5,5.33,12.0,0.0,0.67,2,0,1,0,3.0,1.0,3.0,1.0,1.0,True
43.0,7.0,7.0,4.0,96.0,471.06,0.05,20.57,22.9,9690.41,0.16,538.36,34,0,4,0,16.0,14.0,60.0,36.0,13.0,False
44.0,11.0,8.0,9.0,131.0,731.63,0.07,14.26,51.31,10431.63,0.24,579.53,33,1,8,0,17.0,31.0,79.0,52.0,21.0,False
12.0,1.0,1.0,1.0,0.0,0.0,0.0,0.0,0.0,0.0,0.0,0.0,0,0,0,0,0.0,0.0,0.0,0.0,1.0,False
61.0,11.0,1.0,5.0,180.0,1005.29,0.03,32.15,31.27,32324.04,0.34,1795.78,55,0,4,0,22.0,26.0,104.0,76.0,21.0,False
10.0,3.0,1.0,1.0,0.0,0.0,0.0,0.0,0.0,0.0,0.0,0.0,0,0,0,0,0.0,0.0,0.0,0.0,5.0,False
14.0,3.0,3.0,2.0,25.0,100.0,0.16,6.43,15.56,642.86,0.03,35.71,13,0,1,0,9.0,7.0,15.0,10.0,5.0,False
65.0,1.0,1.0,1.0,188.0,1081.92,0.11,8.9,121.56,9629.08,0.36,534.95,42,8,13,0,9.0,45.0,99.0,89.0,1.0,False
76.0,14.0,7.0,9.0,0.0,0.0,0.0,0.0,0.0,0.0,0.0,0.0,0,0,0,0,0.0,0.0,0.0,0.0,27.0,True
7.0,1.0,1.0,1.0,13.0,41.21,0.32,3.12,13.19,128.78,0.01,7.15,5,0,0,0,5.0,4.0,8.0,5.0,1.0,False
18.0,6.0,3.0,6.0,0.0,0.0,0.0,0.0,0.0,0.0,0.0,0.0,0,0,0,0,0.0,0.0,0.0,0.0,11.0,True
13.0,2.0,1.0,1.0,41.0,177.2,0.09,11.25,15.75,1993.49,0.06,110.75,8,0,3,0,12.0,8.0,26.0,15.0,3.0,False
4.0,1.0,1.0,1.0,5.0,11.61,0.67,1.5,7.74,17.41,0.0,0.97,2,0,0,0,3.0,2.0,3.0,2.0,1.0,False
10.0,2.0,1.0,2.0,16.0,55.35,0.21,4.8,11.53,265.68,0.02,14.76,7,0,1,0,6.0,5.0,8.0,8.0,3.0,False
43.0,11.0,11.0,2.0,102.0,527.33,0.04,23.75,22.2,12524.14,0.18,695.79,35,1,5,0,20.0,16.0,64.0,38.0,21.0,False
8.0,1.0,1.0,1.0,0.0,0.0,0.0,0.0,0.0,0.0,0.0,0.0,0,0,0,0,0.0,0.0,0.0,0.0,1.0,False
34.0,5.0,1.0,1.0,84.0,379.98,0.05,19.5,19.49,7409.59,0.13,411.64,20,3,8,0,13.0,10.0,54.0,30.0,9.0,False
11.0,1.0,1.0,1.0,15.0,53.77,0.25,4.0,13.44,215.1,0.02,11.95,6,0,2,0,8.0,4.0,11.0,4.0,1.0,False
31.0,2.0,1.0,2.0,133.0,692.86,0.08,11.85,58.49,8207.69,0.23,455.98,21,1,7,0,11.0,26.0,77.0,56.0,3.0,False
36.0,4.0,4.0,2.0,140.0,734.71,0.04,23.85,30.81,17522.83,0.24,973.49,13,10,6,0,18.0,20.0,87.0,53.0,7.0,False
12.0,1.0,1.0,1.0,0.0,0.0,0.0,0.0,0.0,0.0,0.0,0.0,0,0,0,0,0.0,0.0,0.0,0.0,1.0,False
46.0,13.0,1.0,13.0,0.0,0.0,0.0,0.0,0.0,0.0,0.0,0.0,0,0,0,0,0.0,0.0,0.0,0.0,14.0,False
11.0,2.0,1.0,2.0,18.0,68.53,0.19,5.33,12.85,365.51,0.02,20.31,7,0,2,0,8.0,6.0,10.0,8.0,3.0,False
25.0,2.0,1.0,2.0,56.0,256.76,0.18,5.56,46.19,1427.27,0.09,79.29,19,2,2,0,7.0,17.0,29.0,27.0,3.0,False
30.0,1.0,1.0,1.0,100.0,528.54,0.11,9.04,58.49,4775.74,0.18,265.32,16,0,5,7,11.0,28.0,54.0,46.0,1.0,False
116.0,18.0,8.0,7.0,0.0,0.0,0.0,0.0,0.0,0.0,0.0,0.0,0,0,0,0,0.0,0.0,0.0,0.0,35.0,True
13.0,4.0,1.0,3.0,42.0,178.41,0.14,7.2,24.78,1284.57,0.06,71.37,8,0,3,0,9.0,10.0,26.0,16.0,7.0,False
8.0,1.0,1.0,1.0,17.0,60.94,0.29,3.5,17.41,213.31,0.02,11.85,4,0,2,0,6.0,6.0,10.0,7.0,1.0,False
6.0,1.0,1.0,1.0,43.0,179.31,0.26,3.85,46.62,689.64,0.06,38.31,4,0,0,0,5.0,13.0,23.0,20.0,1.0,False
56.0,5.0,1.0,5.0,243.0,1429.48,0.05,20.09,71.14,28722.62,0.48,1595.7,45,0,9,0,16.0,43.0,135.0,108.0,9.0,True
21.0,2.0,1.0,2.0,60.0,294.41,0.14,7.0,42.06,2060.88,0.1,114.49,16,0,3,0,10.0,20.0,32.0,28.0,3.0,False
73.0,10.0,9.0,5.0,0.0,0.0,0.0,0.0,0.0,0.0,0.0,0.0,0,0,0,0,0.0,0.0,0.0,0.0,19.0,False
15.0,1.0,1.0,1.0,32.0,130.8,0.24,4.09,31.97,535.09,0.04,29.73,6,4,3,0,6.0,11.0,17.0,15.0,1.0,False
5.0,1.0,1.0,1.0,17.0,60.94,0.4,2.5,24.38,152.36,0.02,8.46,3,0,0,0,5.0,7.0,10.0,7.0,1.0,False
33.0,6.0,1.0,5.0,94.0,474.17,0.04,25.8,18.38,12233.66,0.16,679.65,26,0,5,0,18.0,15.0,51.0,43.0,11.0,False
4.0,1.0,1.0,1.0,1.0,0.0,0.0,0.0,0.0,0.0,0.0,0.0,1,1,0,0,1.0,0.0,1.0,0.0,1.0,False
69.0,3.0,1.0,3.0,300.0,1772.07,0.05,19.93,88.89,35325.77,0.59,1962.54,55,0,12,0,14.0,46.0,169.0,131.0,5.0,False
24.0,1.0,1.0,1.0,36.0,147.15,0.23,4.36,33.72,642.1,0.05,35.67,11,8,3,0,6.0,11.0,20.0,16.0,1.0,False
58.0,3.0,3.0,3.0,219.0,1095.0,0.03,33.53,32.65,36714.71,0.37,2039.71,36,6,13,0,15.0,17.0,143.0,76.0,5.0,False
8.0,2.0,1.0,2.0,18.0,68.53,0.2,5.0,13.71,342.66,0.02,19.04,5,0,1,0,7.0,7.0,8.0,10.0,3.0,False
45.0,3.0,1.0,1.0,118.0,584.6,0.04,22.93,25.49,13406.72,0.19,744.82,33,1,9,0,16.0,15.0,75.0,43.0,5.0,True
14.0,3.0,1.0,2.0,48.0,217.13,0.07,15.0,14.48,3256.96,0.07,180.94,11,0,1,0,15.0,8.0,32.0,16.0,5.0,False
5.0,1.0,1.0,1.0,5.0,11.61,0.67,1.5,7.74,17.41,0.0,0.97,2,0,1,0,3.0,2.0,3.0,2.0,1.0,False
472.0,13.0,6.0,7.0,2077.0,15690.88,0.01,70.05,224.01,1099074.9,5.23,61059.72,325,73,72,0,23.0,165.0,1072.0,1005.0,25.0,False
36.0,4.0,1.0,3.0,74.0,370.0,0.07,14.0,26.43,5180.0,0.12,287.78,26,0,7,0,16.0,16.0,46.0,28.0,7.0,False
18.0,2.0,1.0,2.0,45.0,197.65,0.12,8.25,23.96,1630.65,0.07,90.59,12,0,4,0,11.0,10.0,30.0,15.0,3.0,True
5.0,1.0,1.0,1.0,7.0,19.65,0.5,2.0,9.83,39.3,0.01,2.18,2,0,1,0,4.0,3.0,4.0,3.0,1.0,False
24.0,5.0,1.0,5.0,100.0,504.44,0.07,13.71,36.78,6918.03,0.17,384.33,21,0,1,0,12.0,21.0,52.0,48.0,9.0,False
8.0,1.0,1.0,1.0,26.0,106.27,0.16,6.43,16.53,683.19,0.04,37.96,5,0,1,0,10.0,7.0,17.0,9.0,1.0,False
23.0,4.0,1.0,4.0,55.0,255.41,0.13,7.46,34.22,1906.47,0.09,105.91,20,0,1,0,11.0,14.0,36.0,19.0,7.0,False
50.0,9.0,9.0,4.0,84.0,420.0,0.05,19.73,21.29,8286.92,0.14,460.38,39,0,9,0,19.0,13.0,57.0,27.0,15.0,False
89.0,8.0,4.0,6.0,239.0,1387.96,0.04,23.1,60.08,32065.38,0.46,1781.41,64,14,11,0,17.0,39.0,133.0,106.0,15.0,True
14.0,1.0,1.0,1.0,40.0,169.92,0.23,4.38,38.75,745.02,0.06,41.39,9,0,3,0,6.0,13.0,21.0,19.0,1.0,False
42.0,6.0,5.0,3.0,0.0,0.0,0.0,0.0,0.0,0.0,0.0,0.0,0,0,0,0,0.0,0.0,0.0,0.0,11.0,True
10.0,1.0,1.0,1.0,56.0,249.73,0.16,6.07,41.16,1515.02,0.08,84.17,8,0,0,0,7.0,15.0,30.0,26.0,1.0,False
86.0,3.0,3.0,3.0,0.0,0.0,0.0,0.0,0.0,0.0,0.0,0.0,0,0,0,0,0.0,0.0,0.0,0.0,5.0,False
73.0,23.0,23.0,20.0,310.0,1838.53,0.03,32.43,56.68,59634.32,0.61,3313.02,53,7,11,0,22.0,39.0,195.0,115.0,45.0,False
36.0,3.0,1.0,2.0,0.0,0.0,0.0,0.0,0.0,0.0,0.0,0.0,0,0,0,0,0.0,0.0,0.0,0.0,5.0,False
188.0,33.0,24.0,28.0,694.0,4659.69,0.02,48.12,96.84,224202.6,1.55,12455.7,126,26,21,13,27.0,78.0,416.0,278.0,65.0,False
8.0,1.0,1.0,1.0,13.0,39.0,0.33,3.0,13.0,117.0,0.01,6.5,3,2,1,0,4.0,4.0,7.0,6.0,1.0,False
6.0,1.0,1.0,1.0,8.0,20.68,0.67,1.5,13.79,31.02,0.01,1.72,3,0,1,0,3.0,3.0,5.0,3.0,1.0,False
13.0,2.0,1.0,2.0,27.0,110.36,0.11,9.17,12.04,1011.65,0.04,56.2,10,0,1,0,11.0,6.0,17.0,10.0,3.0,False
11.0,1.0,1.0,1.0,44.0,152.21,0.11,9.0,16.91,1369.93,0.05,76.11,6,0,2,1,6.0,5.0,29.0,15.0,1.0,False
6.0,3.0,3.0,2.0,15.0,58.6,0.22,4.5,13.02,263.72,0.02,14.65,3,0,1,0,9.0,6.0,9.0,6.0,5.0,False
13.0,2.0,1.0,2.0,39.0,171.3,0.12,8.25,20.76,1413.23,0.06,78.51,8,0,3,0,11.0,10.0,24.0,15.0,3.0,False
21.0,3.0,1.0,3.0,45.0,203.56,0.14,6.92,29.4,1409.26,0.07,78.29,15,1,3,0,10.0,13.0,27.0,18.0,5.0,False
18.0,3.0,3.0,1.0,36.0,155.59,0.08,12.07,12.89,1878.19,0.05,104.34,12,0,4,0,13.0,7.0,23.0,13.0,5.0,False
12.0,4.0,3.0,2.0,26.0,110.45,0.13,7.71,14.32,852.01,0.04,47.33,9,0,0,0,12.0,7.0,17.0,9.0,7.0,False
147.0,21.0,20.0,3.0,547.0,3329.84,0.02,62.21,53.52,207163.75,1.11,11509.1,108,15,20,0,26.0,42.0,346.0,201.0,41.0,True
24.0,6.0,6.0,3.0,55.0,241.58,0.05,19.5,12.39,4710.76,0.08,261.7,12,4,3,0,13.0,8.0,31.0,24.0,11.0,False
9.0,2.0,1.0,1.0,29.0,116.0,0.12,8.33,13.92,966.67,0.04,53.7,7,0,0,0,10.0,6.0,19.0,10.0,3.0,False
120.0,5.0,1.0,4.0,745.0,4905.8,0.03,31.45,156.0,154274.41,1.64,8570.8,77,16,23,0,20.0,76.0,506.0,239.0,9.0,False
4.0,2.0,1.0,1.0,14.0,48.43,0.19,5.33,9.08,258.3,0.02,14.35,2,0,0,0,8.0,3.0,10.0,4.0,3.0,False
60.0,7.0,1.0,7.0,156.0,830.22,0.08,12.33,67.32,10239.39,0.28,568.85,43,0,15,0,10.0,30.0,82.0,74.0,13.0,False
81.0,15.0,10.0,14.0,266.0,1485.6,0.05,20.43,72.72,30348.69,0.5,1686.04,72,4,2,1,13.0,35.0,156.0,110.0,29.0,True
9.0,1.0,1.0,1.0,56.0,237.88,0.17,6.0,39.65,1427.3,0.08,79.29,7,0,0,0,6.0,13.0,30.0,26.0,1.0,False
58.0,11.0,6.0,7.0,225.0,1300.81,0.03,36.31,35.82,47232.71,0.43,2624.04,54,0,2,0,26.0,29.0,144.0,81.0,21.0,True
6.0,1.0,1.0,1.0,6.0,15.51,0.5,2.0,7.75,31.02,0.01,1.72,2,1,0,0,4.0,2.0,4.0,2.0,1.0,False
12.0,3.0,3.0,1.0,29.0,120.93,0.06,17.5,6.91,2116.24,0.04,117.57,9,0,1,0,15.0,3.0,22.0,7.0,5.0,False
20.0,22.0,22.0,22.0,0.0,0.0,0.0,0.0,0.0,0.0,0.0,0.0,0,0,0,0,0.0,0.0,0.0,0.0,43.0,False
8.0,1.0,1.0,1.0,15.0,53.77,0.24,4.2,12.8,225.85,0.02,12.55,4,0,2,0,7.0,5.0,9.0,6.0,1.0,False
19.0,2.0,1.0,2.0,40.0,175.69,0.19,5.23,33.59,919.01,0.06,51.06,13,0,3,1,8.0,13.0,23.0,17.0,3.0,False
14.0,2.0,1.0,2.0,31.0,129.27,0.19,5.2,24.86,672.19,0.04,37.34,8,1,3,0,8.0,10.0,18.0,13.0,3.0,True
64.0,7.0,1.0,7.0,132.0,756.09,0.08,12.04,62.79,9104.53,0.25,505.81,45,5,11,0,17.0,36.0,81.0,51.0,13.0,False
19.0,3.0,1.0,2.0,46.0,210.91,0.11,8.88,23.74,1873.84,0.07,104.1,14,0,3,0,11.0,13.0,25.0,21.0,5.0,False
56.0,5.0,1.0,4.0,153.0,840.25,0.05,20.33,41.32,17085.15,0.28,949.18,39,8,6,0,18.0,27.0,92.0,61.0,9.0,False
12.0,1.0,1.0,1.0,0.0,0.0,0.0,0.0,0.0,0.0,0.0,0.0,0,0,0,0,0.0,0.0,0.0,0.0,1.0,True
16.0,2.0,1.0,2.0,31.0,111.13,0.17,6.0,18.52,666.8,0.04,37.04,12,0,2,0,6.0,6.0,19.0,12.0,3.0,False
34.0,5.0,1.0,2.0,0.0,0.0,0.0,0.0,0.0,0.0,0.0,0.0,0,0,0,0,0.0,0.0,0.0,0.0,9.0,True
32.0,4.0,4.0,4.0,79.0,408.42,0.09,11.07,36.89,4521.84,0.14,251.21,23,1,5,0,15.0,21.0,48.0,31.0,7.0,False
30.0,5.0,5.0,1.0,68.0,343.02,0.05,20.77,16.52,7124.24,0.11,395.79,27,0,1,0,20.0,13.0,43.0,27.0,9.0,False
19.0,3.0,1.0,2.0,40.0,180.94,0.08,13.13,13.79,2374.87,0.06,131.94,14,0,3,0,15.0,8.0,26.0,14.0,5.0,False
52.0,14.0,14.0,14.0,213.0,1183.13,0.03,33.12,35.73,39179.72,0.39,2176.65,47,0,3,0,21.0,26.0,132.0,82.0,27.0,True
16.0,2.0,1.0,2.0,34.0,144.43,0.13,7.56,19.1,1092.25,0.05,60.68,10,0,4,0,11.0,8.0,23.0,11.0,3.0,True
23.0,4.0,1.0,4.0,43.0,204.46,0.13,7.89,25.9,1613.77,0.07,89.65,18,1,2,0,13.0,14.0,26.0,17.0,7.0,False
37.0,8.0,6.0,5.0,102.0,531.36,0.05,21.64,24.56,11498.13,0.18,638.79,31,0,4,0,19.0,18.0,61.0,41.0,15.0,False
7.0,3.0,1.0,1.0,17.0,60.94,0.2,4.9,12.44,298.63,0.02,16.59,3,1,1,0,7.0,5.0,10.0,7.0,5.0,False
28.0,1.0,1.0,1.0,93.0,451.79,0.15,6.68,67.62,3018.79,0.15,167.71,18,3,5,0,7.0,22.0,51.0,42.0,1.0,False
4.0,1.0,1.0,1.0,4.0,8.0,0.67,1.5,5.33,12.0,0.0,0.67,2,0,0,0,3.0,1.0,3.0,1.0,1.0,False
11.0,2.0,1.0,1.0,23.0,72.91,0.16,6.25,11.67,455.68,0.02,25.32,9,0,0,0,5.0,4.0,13.0,10.0,3.0,False
9.0,2.0,1.0,2.0,19.0,72.34,0.25,4.0,18.08,289.36,0.02,16.07,7,0,0,0,7.0,7.0,11.0,8.0,3.0,False
20.0,5.0,1.0,2.0,69.0,324.33,0.07,15.0,21.62,4864.96,0.11,270.28,15,0,3,0,13.0,13.0,39.0,30.0,9.0,False
11.0,2.0,1.0,1.0,33.0,125.64,0.11,9.33,13.46,1172.67,0.04,65.15,8,0,1,0,8.0,6.0,19.0,14.0,3.0,False
15.0,3.0,3.0,2.0,40.0,183.4,0.13,7.5,24.45,1375.49,0.06,76.42,12,0,1,0,12.0,12.0,25.0,15.0,5.0,False
46.0,3.0,1.0,3.0,134.0,760.1,0.09,11.54,65.86,8772.02,0.25,487.33,39,0,5,0,14.0,37.0,73.0,61.0,5.0,False
49.0,6.0,1.0,4.0,146.0,742.77,0.04,24.08,30.85,17885.11,0.25,993.62,39,2,6,0,15.0,19.0,85.0,61.0,11.0,True
16.0,1.0,1.0,1.0,51.0,220.42,0.12,8.5,25.93,1873.56,0.07,104.09,9,0,4,0,10.0,10.0,34.0,17.0,1.0,False
94.0,5.0,1.0,5.0,208.0,1202.52,0.04,25.94,46.36,31194.86,0.4,1733.05,53,21,18,0,21.0,34.0,124.0,84.0,8.0,True
12.0,2.0,1.0,2.0,23.0,97.7,0.2,5.0,19.54,488.51,0.03,27.14,7,1,2,0,10.0,9.0,14.0,9.0,3.0,False
23.0,4.0,1.0,4.0,50.0,216.1,0.2,4.93,43.85,1065.05,0.07,59.17,20,0,0,0,6.0,14.0,27.0,23.0,7.0,False
13.0,2.0,1.0,1.0,20.0,78.14,0.22,4.5,17.36,351.62,0.03,19.53,9,0,1,0,9.0,6.0,14.0,6.0,3.0,False
96.0,15.0,9.0,9.0,334.0,2157.45,0.02,50.92,42.37,109857.36,0.72,6103.19,70,9,14,1,38.0,50.0,200.0,134.0,27.0,True
74.0,8.0,3.0,6.0,299.0,1678.8,0.02,58.83,28.54,98758.54,0.56,5486.59,65,0,5,1,23.0,26.0,166.0,133.0,11.0,True
5.0,1.0,1.0,1.0,10.0,31.7,0.33,3.0,10.57,95.1,0.01,5.28,3,0,0,0,6.0,3.0,7.0,3.0,1.0,False
24.0,6.0,1.0,3.0,0.0,0.0,0.0,0.0,0.0,0.0,0.0,0.0,0,0,0,0,0.0,0.0,0.0,0.0,11.0,False
34.0,7.0,5.0,4.0,119.0,641.69,0.06,17.68,36.29,11345.0,0.21,630.28,26,1,5,0,17.0,25.0,67.0,52.0,13.0,True
21.0,1.0,1.0,1.0,0.0,0.0,0.0,0.0,0.0,0.0,0.0,0.0,0,0,0,0,0.0,0.0,0.0,0.0,1.0,False
23.0,4.0,4.0,2.0,67.0,328.76,0.05,18.75,17.53,6164.28,0.11,342.46,18,0,3,0,18.0,12.0,42.0,25.0,7.0,False
18.0,2.0,1.0,2.0,0.0,0.0,0.0,0.0,0.0,0.0,0.0,0.0,0,0,0,0,0.0,0.0,0.0,0.0,3.0,True
18.0,5.0,1.0,1.0,54.0,186.81,0.06,17.5,10.67,3269.16,0.06,181.62,11,0,4,0,7.0,4.0,34.0,20.0,9.0,False
13.0,1.0,1.0,1.0,0.0,0.0,0.0,0.0,0.0,0.0,0.0,0.0,0,0,0,0,0.0,0.0,0.0,0.0,1.0,False
12.0,10.0,10.0,10.0,0.0,0.0,0.0,0.0,0.0,0.0,0.0,0.0,0,0,0,0,0.0,0.0,0.0,0.0,19.0,False
77.0,1.0,1.0,1.0,365.0,2273.52,0.1,10.45,217.61,23753.18,0.76,1319.62,67,0,8,0,8.0,67.0,190.0,175.0,1.0,True
8.0,1.0,1.0,1.0,0.0,0.0,0.0,0.0,0.0,0.0,0.0,0.0,0,0,0,0,0.0,0.0,0.0,0.0,1.0,True
23.0,10.0,10.0,8.0,106.0,530.0,0.05,21.0,25.24,11130.0,0.18,618.33,18,0,3,0,16.0,16.0,64.0,42.0,19.0,False
24.0,3.0,1.0,3.0,64.0,325.6,0.12,8.36,38.96,2721.07,0.11,151.17,20,0,2,0,13.0,21.0,37.0,27.0,5.0,True
51.0,31.0,28.0,28.0,330.0,1890.21,0.03,37.73,50.09,71326.03,0.63,3962.56,44,1,4,0,21.0,32.0,215.0,115.0,61.0,True
126.0,32.0,14.0,8.0,0.0,0.0,0.0,0.0,0.0,0.0,0.0,0.0,0,0,0,0,0.0,0.0,0.0,0.0,63.0,True
17.0,8.0,6.0,5.0,35.0,148.68,0.11,8.94,16.64,1328.8,0.05,73.82,15,0,0,0,11.0,8.0,22.0,13.0,15.0,False
28.0,4.0,1.0,4.0,102.0,518.91,0.06,15.79,32.87,8193.49,0.17,455.19,23,0,2,0,15.0,19.0,62.0,40.0,7.0,False
137.0,15.0,7.0,8.0,492.0,3127.92,0.02,43.27,72.29,135348.62,1.04,7519.37,119,0,16,0,23.0,59.0,270.0,222.0,29.0,False
52.0,2.0,1.0,2.0,227.0,981.08,0.01,86.33,11.36,84699.71,0.33,4705.54,36,3,10,0,14.0,6.0,153.0,74.0,3.0,False
52.0,8.0,1.0,7.0,0.0,0.0,0.0,0.0,0.0,0.0,0.0,0.0,0,0,0,0,0.0,0.0,0.0,0.0,15.0,False
99.0,12.0,5.0,4.0,201.0,1097.35,0.02,41.5,26.44,45539.85,0.37,2529.99,44,20,27,2,22.0,22.0,118.0,83.0,23.0,False
34.0,2.0,1.0,1.0,118.0,573.24,0.03,32.58,17.59,18678.13,0.19,1037.67,23,1,8,0,17.0,12.0,72.0,46.0,3.0,True
17.0,3.0,1.0,1.0,36.0,150.12,0.12,8.13,18.48,1219.7,0.05,67.76,14,0,3,0,10.0,8.0,23.0,13.0,5.0,False
25.0,2.0,1.0,2.0,64.0,314.04,0.1,10.5,29.91,3297.43,0.1,183.19,17,0,5,0,14.0,16.0,40.0,24.0,3.0,False
16.0,8.0,8.0,7.0,57.0,257.83,0.1,9.62,26.82,2479.26,0.09,137.74,11,2,1,0,10.0,13.0,32.0,25.0,15.0,False
29.0,3.0,3.0,1.0,82.0,402.37,0.12,8.14,49.41,3276.4,0.13,182.02,16,7,4,0,9.0,21.0,44.0,38.0,5.0,True
24.0,6.0,6.0,4.0,84.0,434.27,0.05,21.88,19.85,9499.74,0.14,527.76,19,0,3,0,20.0,16.0,49.0,35.0,11.0,False
15.0,2.0,1.0,2.0,50.0,237.74,0.09,10.77,22.08,2560.32,0.08,142.24,12,0,1,0,14.0,13.0,30.0,20.0,3.0,False
4.0,1.0,1.0,1.0,9.0,27.0,0.5,2.0,13.5,54.0,0.01,3.0,2,0,0,0,4.0,4.0,5.0,4.0,1.0,False
27.0,6.0,1.0,1.0,99.0,427.87,0.03,32.67,13.1,13977.12,0.14,776.51,22,2,1,0,14.0,6.0,71.0,28.0,10.0,False
8.0,2.0,1.0,2.0,11.0,36.54,0.33,3.0,12.18,109.62,0.01,6.09,5,1,0,0,6.0,4.0,7.0,4.0,3.0,False
104.0,4.0,3.0,4.0,0.0,0.0,0.0,0.0,0.0,0.0,0.0,0.0,0,0,0,0,0.0,0.0,0.0,0.0,7.0,False
16.0,4.0,4.0,4.0,0.0,0.0,0.0,0.0,0.0,0.0,0.0,0.0,0,0,0,0,0.0,0.0,0.0,0.0,7.0,False
109.0,12.0,6.0,6.0,0.0,0.0,0.0,0.0,0.0,0.0,0.0,0.0,0,0,0,0,0.0,0.0,0.0,0.0,23.0,False
55.0,8.0,4.0,6.0,98.0,531.77,0.1,9.9,53.73,5262.73,0.18,292.37,37,6,9,1,14.0,29.0,57.0,41.0,15.0,False
126.0,19.0,11.0,14.0,0.0,0.0,0.0,0.0,0.0,0.0,0.0,0.0,0,0,0,0,0.0,0.0,0.0,0.0,37.0,False
47.0,3.0,1.0,3.0,178.0,1019.57,0.05,19.8,51.49,20187.48,0.34,1121.53,35,1,9,0,18.0,35.0,101.0,77.0,5.0,False
193.0,35.0,16.0,24.0,595.0,3570.0,0.01,67.04,53.25,239320.61,1.19,13295.59,157,22,12,0,23.0,41.0,356.0,239.0,69.0,True
4.0,1.0,1.0,1.0,5.0,11.61,0.67,1.5,7.74,17.41,0.0,0.97,2,0,0,0,3.0,2.0,3.0,2.0,1.0,False
143.0,22.0,11.0,16.0,457.0,2762.29,0.02,47.25,58.46,130518.11,0.92,7251.01,123,5,8,5,22.0,44.0,268.0,189.0,43.0,True
18.0,2.0,1.0,2.0,45.0,211.52,0.1,10.0,21.15,2115.2,0.07,117.51,12,1,3,0,13.0,13.0,25.0,20.0,3.0,False
198.0,46.0,19.0,17.0,901.0,6024.54,0.01,100.31,60.06,604291.69,2.0,33571.76,153,12,31,0,44.0,59.0,632.0,269.0,79.0,False
104.0,9.0,1.0,7.0,0.0,0.0,0.0,0.0,0.0,0.0,0.0,0.0,0,0,0,0,0.0,0.0,0.0,0.0,17.0,False
23.0,5.0,1.0,1.0,65.0,276.12,0.06,17.33,15.93,4786.0,0.09,265.89,20,0,1,0,13.0,6.0,49.0,16.0,7.0,False
13.0,2.0,1.0,2.0,50.0,235.02,0.24,4.24,55.47,995.75,0.08,55.32,10,0,1,0,7.0,19.0,27.0,23.0,3.0,True
138.0,66.0,63.0,59.0,721.0,4645.36,0.02,44.86,103.54,208407.84,1.55,11578.21,129,2,5,0,21.0,66.0,439.0,282.0,131.0,False
38.0,8.0,7.0,2.0,76.0,386.65,0.05,18.37,21.05,7101.42,0.13,394.52,28,2,6,0,19.0,15.0,47.0,29.0,15.0,False
28.0,3.0,1.0,3.0,107.0,544.36,0.07,13.36,40.73,7274.61,0.18,404.14,20,0,6,0,12.0,22.0,58.0,49.0,5.0,False
4.0,1.0,1.0,1.0,4.0,8.0,0.67,1.5,5.33,12.0,0.0,0.67,2,0,0,0,3.0,1.0,3.0,1.0,1.0,False
53.0,6.0,1.0,6.0,146.0,824.0,0.06,18.08,45.57,14898.51,0.27,827.69,43,0,6,0,19.0,31.0,87.0,59.0,11.0,False
4.0,1.0,1.0,1.0,5.0,11.61,0.67,1.5,7.74,17.41,0.0,0.97,2,0,0,0,3.0,2.0,3.0,2.0,1.0,False
15.0,4.0,4.0,1.0,0.0,0.0,0.0,0.0,0.0,0.0,0.0,0.0,0,0,0,0,0.0,0.0,0.0,0.0,7.0,False
7.0,1.0,1.0,1.0,20.0,76.15,0.29,3.5,21.76,266.51,0.03,14.81,5,0,0,0,7.0,7.0,13.0,7.0,1.0,False
5.0,1.0,1.0,1.0,17.0,60.94,0.29,3.5,17.41,213.31,0.02,11.85,3,0,0,0,6.0,6.0,10.0,7.0,1.0,False
162.0,27.0,5.0,15.0,492.0,3261.64,0.03,33.11,98.51,107986.84,1.09,5999.27,123,19,16,2,25.0,74.0,296.0,196.0,53.0,True
33.0,3.0,1.0,1.0,134.0,692.77,0.05,21.2,32.68,14686.72,0.23,815.93,27,0,3,0,16.0,20.0,81.0,53.0,5.0,True
9.0,4.0,3.0,2.0,36.0,155.59,0.09,11.67,13.34,1815.21,0.05,100.84,6,0,1,0,14.0,6.0,26.0,10.0,7.0,False
19.0,1.0,1.0,1.0,27.0,110.36,0.24,4.2,26.28,463.52,0.04,25.75,7,0,4,0,7.0,10.0,15.0,12.0,1.0,True
74.0,15.0,11.0,10.0,221.0,1213.7,0.04,25.1,48.35,30468.04,0.4,1692.67,53,8,9,0,16.0,29.0,130.0,91.0,29.0,False
11.0,2.0,1.0,2.0,43.0,197.15,0.18,5.7,34.59,1123.77,0.07,62.43,6,0,3,0,9.0,15.0,24.0,19.0,3.0,False
7.0,1.0,1.0,1.0,17.0,60.94,0.5,2.0,30.47,121.89,0.02,6.77,3,0,2,0,4.0,8.0,9.0,8.0,1.0,False
4.0,1.0,1.0,1.0,7.0,19.65,0.4,2.5,7.86,49.13,0.01,2.73,2,0,0,0,5.0,2.0,5.0,2.0,1.0,False
